Message ID,Spot,Comments
16121,Pareri sulle materie “Computer Security “ e “VAPT”?,"['Vulnerability Assessment & Penetration Testing', ""Scusate l'ignoranza che è VAPT?"", 'Se invece ti piace la parte più pratica, VAPT >>>>>', 'Se ti piace la sicurezza teorica, fatta di model checker e simili, CS ti interesserà', 'A me VAPT è piaciuta molto, anche perché è più vicina a ciò che mi piace. Computer security è carina a modo suo, ma per me VAPT la batte 10 a 1', 'Se ti interessa la sicurezza informatica chiaramente consigliatissime, poi Bella è un bravo prof che stimola tanto la riflessione', 'Devo ancora fare CS ma VAPT è letteralmente la materia più bella che io abbia mai seguito. E poi Bella è un chad', '😊', 'Gianpaolo', 'ovviamente sono Bell(a)e', 'by: furry']"
16120,ma si può andare alla mensa Oberdan? (anche se sono alla cittadella),"['Certo che puoi andare, basta che sia una mensa di ERSU', 'si', 'by: pensione a Cuba']"
16119,NO MA PROFESSORI SCUSATE PERCHÉ CAZZO NON AVVERTITE PRIMA CHE NON C’È LEZIONE LO SAPETE CHE C’È GENTE CHE VIENE APPOSITAMENTE PER LE VOSTRE LEZIONI???????? NON VI SOPPORTO ORA MI RIDATE INDIETRO LE MIE ORE AVETE CAPITO,"['Hai controllato teams/studium/sito docente o qualunque cosa usi il prof per dare avvisi? Se la risposta è sì, da fuorisede hai tutto il mio supporto', 'Ma di che materia?', None, None, 'by: topolino']"
16118,Faccio i miei auguri al professore Barbanera che oggi fa il compleanno! 🎂,['by: Boomer io o disagiati loro?']
16117,Spotto qualcuno che mi spieghi i Thread in Java (corso TSDW),"['Ah 🫣', None, 'ironia', 'Se l’hanno creata ci sarà un motivo?', 'Esatto, bravo', 'E se non dovesse bastare chiedi a ChatGPT', 'oddio la documentazione????', 'https://docs.oracle.com/en/java/javase/21/docs/api/java.base/java/lang/Thread.html 👍🏻', 'by: Virgin']"
16116,,"[None, 'a causa del politically Correct è stato cambiato in padre nerd', '…che sei nelle sale giochi,\ndacci oggi il nostro gioco quotidiano…', 'Padre nerd', 'padre nero?!?!?!', 'by: Lorenzo Paoria 😕♍️']"
16115,"Una volta fatto lo scritto  di reti, dopo quanto tempo è il laboratorio?","['Tra lo scritto e il Laboratorio la distanza è di uno/due giorni', ""Devi fare le prove d'esame nello stesso appello come da modalità d'esame"", 'Di solito è entro la settimana', 'by: Wololo']"
16114,,"['ma ti dirò io avevo provato la demo della webcam HTTP e andava anche abbastanza bene', ""conta che non non è una soluzione ottimale, l'ESP 32 non ha abbastanza ram per gestire un flusso video e si deve appoggiare ad una memoria esterna rallentando moltissimo le prestazioni"", None, 'non che ci voglia un genio', None, 'by: hotlena']"
16113,"Cosa accadrebbe se un datagram al livello di rete, confondendo l'algoritmo di Dijkstra con il gioco del sudoku, decidesse di intraprendere un percorso basato su distance vectors per consegnare un pacchetto FTP, ma si imbattesse in una comunicazione client-server affidabile in corso al livello di trasporto che utilizza unicamente well known ports, creando involontariamente una forma di interferenza estetica basata sulla distorsione di shannon all'interno della larghezza di banda di un cavo cat7, sfidando così le leggi della correzione di errore tramite distanza di Hamming nel livello data link?","[None, 'Mucho texto', None, 'Ma scappellamento a destra o sinistra? Bisogna essere precisi', 'o sono troppo ritardato io o è una super cazzola di livello 7 almeno', 'Si', 'by: me and the boys']"
16112,"Per interazione e multimedia, ha senso studiare solo dalle slide oppure bisogna approfondire dal libro?","['Sono abbastanza discorsive secondo me. Dipende dal tuo obiettivo, insomma, come sempre', ""Il libro approfondisce ma non è essenziale, io l'ho preso dopo aver dato la materia perché mi interessava"", 'Le slide bastano per la sufficienza, aggiungi le cose in più che dice il prof e sei apposto', 'by: impostore']"
16111,,['by: Dimostrazione lasciata al lettore']
16110,Cosa fate quando non avete voglia di studiare ma si avvicina un esame?,"[""Mi forzo perché l'inculata fa male"", '@SimozB MA CHE MI METTI QUELL’EMOJI', 'Solitamente gioco a solitario, ultimamente a sudoku', 'i sensi di colpa aiutano sempre a studiare 😔', 'il fatto che potrei diventare un senzatetto se non prendo almeno 24', 'oppure bevo tequila', ""mi creo problemi inesistenti e mi autosaboto al punto da non avere il tempo di studiare così posso dare la colpa alla mia sfortuna se non passo l'esame"", 'Dormo per fuggire dal problema😼', 'Io nulla, è mia mamma che mi fa venire la voglia di studiare con una ciabatta in una mano e il cucchiaio di legno nell’altra 🤣', 'Il cigno', None, 'Copio', 'by: topolino']"
16109,,"['Erborare semmai', 'by: impostore']"
16108,C’è qualcuno che oggi è riuscito a non ridere durante la lezione di Algoritmi?,"[None, 'Classic', 'Cancellazione nodi da alberi rosso neri', '(anche se credo di aver capito)', 'lore vi prego', 'AL o MZ?', '(Non ho seguito la lezione)', 'Io', 'by: my love']"
16107,"Importante: di recente un tizio tozzo e basso con l'uniforme di JustEat in zona centro/piazza Cavour si è messo a guardare insistentemente, pedinare da lontano e poi inseguire alcune ragazze. Da quanto ho capito è conosciuto nella zona per comportamenti simili nei confronti soprattutto di ragazze giovani. Fate quindi attenzione se vi trovate in zona","[None, None, 'Il business dei pedinamenti?', 'QUALCUNO HA DETTO JUST BEAT DING DONG (È il suono della mazza che sbatte nelle sue rotule)', 'la violenza non è la risposta\nè la domanda e la risposta è sì', 'oppure prendiamo lo zainetto glovo e ci andiamo con una mazza, con la scusa della competizione al business', ""credo che in questi casi bisogna andare in questura e farlo presente alle forze dell'ordine"", 'by: ciccio chi?!?!']"
16106,spotto S.B. che a lezione di audio processing cita caparezza,"['che ha detto?', 'E SONO CONTENTO🗣🗣🗣🗣\nDELLA SCELTA CHE HO FATTO🗣🗣🗣', 'Amo le donne che sanno di merluzzo', 'by: pippo']"
16105,,['by: Tecnico della guardiola']
16104,"Salve, dovrei laurearmi ad aprile e non sono ancora laureando alla fine del terzo anno, ho a disposizione anche gli appelli di dicembre?",['by: mucro']
16103,"Ma G.C. È fidanzata?È la mia cotta da 3 anni, ma non sono mai riuscito a dichiararmi 🫣","['Il post è mio. Ti amo GC', None, None, 'Rockettata?', 'spottato il rocket league player', None, 'Tutti a volere G.C, ma nessuno chiede a G.C come sta veramente', None, 'Forza Catania', 'gc appartiene a me', None, ""Confermo, sono l'amante di Cati"", ""Tu sei l'amante..."", 'Confermo, sono fidanzata', 'Per sfortuna del pover’uomo si', 'Si vita :( purtroppo sono fidanzata', 'by: Dimostrazione lasciata al lettore']"
16102,A.M. fa NGOGOGOGO,"['Andrea MPricoco', None, 'Confermo tutto', 'by: Fabio Rovazzi']"
16101,,"[None, 'by: spook']"
16100,,"[None, ""La mia interpretazione\n>studiando Reti con il bro\n>facendo le slides di startup con le vrenzole di economia\n>studiando Reti con il bro 2 (abbiamo bocciato)\n>cercando 10 centesimi per il bicchiere con bastoncino quotidiano\n>un peto elementale mi mette una mano sulla spalla in biblioteca\n>il pc va a fuoco (ho installato blender)\n>studiando Reti 3 (il bro si è ritirato) \n>andando a mensa con fame chimica\n>l'ultima non la so"", None, None, 'by: weeb']"
16099,"Ciao ragazzi!
Dovrò dare a dicembre Sistemi Operativi, sia lab che teoria, e mi chiedevo se ci fossero altre fonti per esercitarmi oltre alla repository di GitLab, perchè ha roba troppo vecchia (tipo di 15 anni fa) e ogni volta perdo troppo tempo cercando esercizi. Vorrei chiedere, inoltre, come avete affrontato voi la materia, perchè sto incontrando un po' di difficoltà nello studio.
Grazie in anticipo 😄","[None, None, 'by: il chiesitore']"
16098,,"[None, ""non ho bisogno di immaginarlo, e' cosi'..."", '@mario_tux', None, 'Imagina usare ancora ext4 invece di btrfs', 'by: Tecnico della guardiola']"
16097,,['by: me and the boys']
16096,"Spotto quella persona che due giorni fa, circa, era seduta in corridoio di fronte al laboratorio al DMI e quindi vicino anche all'ingresso dell'aula studio a L. Eri con un computer in mano e gli adesivi avevano un certo effetto ottico colorato in base al  punto di vista. Dove si possono comprare? li voglio pure io","['dark web', 'by: Are you winning son?']"
16095,,"['Lo streaming secondo me deve morire', 'non è altstore, ma Apple che fa cagare', 'ah ok ok, allora non so a riguardo il procedimento', 'sì', 'Su iOS dici?', 'ho spotify craccato senza problemi, l’unica seccatura è che devo sideloadarlo 1 volta a settimana perché altstore fa schifo', None, 'opzione 3: invece di spendere soldi (il prezzo vale tanto quanto 4 pezzi di tavola calda o un kebab gigante) craccalo', ""opzione 1: aspettare che venga montato l'albero di natale al DMI e chiedere a Babbo Natale\nopzione 2: collegarsi al portale studente e scaricare un certificato di iscrizione"", 'by: Mini batch']"
16094,ma alla fine domani ci sarà lezione?🥲,"[None, '*Yet', 'lezione regolare', 'by: Are you winning son?']"
16093,"A nome di tutti i pendolari: se domani mattina esce all'ultimo minuto un avviso che manca ancora l'acqua in Cittadella, faccio saltare tutte le cisterne e falde acquige a monte fino a far riemergere l'Amenano. 🌊","[None, None, None, 'by: ciccio chi?!?!']"
16092,Cerco stanza da affittare in appartamento con altre conquiline,['by: ?']
16091,,['by: uwu']
16090,Dove posso trovare lucidi o vecchie videolezioni del laboratorio di IEM?,"['La vita non ha più senso', None, 'Eh no, è un altro adesso', 'Aspe cosa???? Non c’è più De Silvestro?', 'This message is not supported by your version of Telegram. Update the app to view: https://telegram.org/update', ""Ehm, non so quanto vi possano essere utili... Il prof di laboratorio quest'anno è cambiato e potrebbe spiegare cose differenti, oppure le stesse cose in maniere differenti e con altre funzioni che vuole che usiate boh"", 'https://studentiunict-my.sharepoint.com/:f:/g/personal/uni363812_studium_unict_it/EpbDoXunUkROknxPb6LL-HYBWJFkc5nqU8-EP81EJm2LbA?e=qJuEvp', 'e la storia si ripete', 'Per quanto riguarda le videolezioni, da quel che so il Prof di laboratorio è cambiato', 'by: nobody']"
16089,,"['È vero (mi hanno appena riempito di botte)', None, None, 'by: il chiesitore']"
16088,Quanti soldi prendono gli admin di spotted? Vengono pagati direttamente dai rappresentanti o hanno un fondo destinatogli dal rettorato? 🤔,"['bei tempi quando una cartocciata era un euro', '2,50€ mensili\n(Abbastanza per una cartocciata a Stesicoro)', ""ahahaha l'ho sgavitata"", 'senza contare le sponsorizzazioni', 'ora capisco come si sono sentiti i rappresentanti…', None, 'ragazzi sto scherzando non ho manco i soldi per pagarmi il caffè, per risparmiare prendevo quello col latte', None, None, 'dei miei 35k mensili circa 2k li devolvo al mio admin infiltrato che sommati ai circa 25k mensili (che paga il dipartimento) arriviamo a 27k, ovviamente ragiono in netto perché siamo impiegati statali', None, 'Io ho seriamente paura che a volte certi spot siano seri', 'Ho preso posto a inizio mese. Aspetto la busta paga del prossimo', 'Circa il doppio di quanto prendono i rappresentanti', 'talmente tanto che quasi quasi rinuncio agli studi', '15 milioni di euro, CASH', 'Non mi è ancora arrivato lo stipendio, vi faccio sapere', 'Circa 2.5k lordi al mese', 'by: foot']"
16087,C’è la possibilità che il dipartimento domani rimanga chiuso per via dei problemi con l’acqua?,"['ratio', 'Ancora*', 'non ci sono disposizioni di chiusura', 'by: tutta colpa dei rappresentanti']"
16086,,"['ti prego contattami sono curioso di sapere che cosa ne pensi di questa route OP', 'sei tornato indietro nel tempo', 'ma che cazzo 💀', 'questo post lo feci io 2 anni fa', 'subarashiki hibi', 'ma ho un idea, ma se glielo stampassimo a Barba?', None, 'Higurashi?', 'by: Chad']"
16085,,"['Si va bene datti fondamenti ora', 'allegra approva', 'by: Ok Boomer']"
16084,"Per caso a qualcuno è mai successo che per sbaglio smartedu togliesse la convalida di qualche materia? 
Dovrei chiamare alla segreteria. Però ho il dubbio che non mi troverà mai la materia in tempi umani. Se vi è capitato, mi potreste dire come avete risolto? Grazie! ☺️","['settore.scientifico@unict.it', ""Se l'hai convalidata, vuol dire che esiste della documentazione (che hai mandato tu o viene da qualche cdl passato). Non dovrebbe essere un problema per loro aggiungerla nuovamente. Scrivi un email al settore scientifico"", 'segnalalo al docente e alla segreteria didattica', 'by: furry']"
16083,"Ciao! Dovrò dare reti a dicembre. Ho ancora le registrazioni del tutorato dell'anno scorso e pensavo di basarmi su quelle per preparare il laboratorio. Sono complete e utili o mancano argomenti? Considerate che sono totalmente bianca al riguardo e la materia mi sta risultando molto difficile. Vi prego, se manca qualcosa fatemelo presente, anche magari indicando quale materiale usare dal repository del tutor di quest'anno e da dove potrei iniziare. Grazie mille 🙏","['Mi potresti mandare anche a me le registrazioni?', ""Se c'e' interesse, stavo valutando di fare un piccolo incontro (necessariamente da remoto) per rispolverare le slide e chiarire qualche dubbio che potrebbe rimanere dopo aver spulciato fra il materiale messo a disposizione. Ora lo scrivo anche sul gruppo.\nCio' non toglie che, come detto dai colleghi, il laboratorio preveda un bel po' di esercizio individuale. Llimitarsi a leggere non e' sufficiente, ed e' sempre consigliabile integrare da quante piu' fonti possibile"", 'Sfortunatamente il tutor non ha le stesse ore di un prof, quindi è normale che manchino cose... Sarebbe meglio cercare qualcuno in privato che ha seguito e farti dire i vari argomenti e farli da internet/libro', 'In caso potete entrare nel gruppo così anche altri che devono preparare l’esame per il 4 possono darvi una mano', 'La parte di subnetting basta vedersi le slide di @tendto e fare molta pratica, come del resto pure la parte di esercizi sulle socket serve moltissima pratica', 'Per fare il lab, basta prendere gli esami passati e dedicarci tempo e testa a risolverli, alla fine non sono nulla di speciale, basta capire che cosa si sta facendo', 'La sto preparando anche io, brancolo nel buio allo stesso modo, contattami se vuoi🥲', 'by: me and the boys']"
16082,"Ho dimenticato di rinnovare l’abbonamento della metro, c’è qualche modo pagarlo oltre la data di scadenza?","['Su smartedu:\nCarriera -> Domande -> Contributo Trasporti', ""se hai la tassa nel portale perchè richiesta puoi pagarla senza problemi, se devi inserire la richiesta per il nuovo anno puoi chiedere alla segreteria studenti di fartela inserirla scrivendo all'e-mail settore.scientifico@unict.it"", 'by: tizio']"
16081,Spotto i nuovi rappresentanti del dmi: chi sono?,"[None, None, 'Ma è quello dello scandalo dei piedi', None, 'Confermo', 'Pagliacci', 'by: tizio']"
16080,"Per chi ha un Mac, avete mai riscontrato problemi con un processo chiamato “windowsServer”? Vedo che prende più di 1GB di RAM e rallenta molto","['nah bro installaci Linux', 'https://macpaw.com/it/amp/how-to/mac-windowserver-process', ""by: You expected an anonymous name, but it's me DIO""]"
16079,"Aggiunta nuova funzionalità ""Follow 👁"" per poter seguire uno spot e ricevere una notifica dal bot ogniqualvolta verrà scritto un commento (thanks @TaToTan).

Fateci sapere nei commenti cosa ne pensate, come migliorarla o eventuali altre feature che potremmo aggiungere a spotted","['O one-time. In ogni caso sarebbe un numeretto per ogni spot, nulla di troppo pesante per il db', 'Vero, ci sta, un token randomico, magari anche ""a tempo"" per evitare di intasare il database', 'E\' comunque fattibile, generi un token per ogni spot e lo mandi assieme al ""Il tuo spot è stato approvato"". Se vuoi rispondere, fai qualcosa tipo  /reply TOKEN MESSAGGIO', 'Qui è più pesante, perchè di fatto dovresti avere un modo di collegare autore e spot', 'Io voglio seguirti ovunque', ""Anche qui però si apre lo stesso problema sull'anonimato, non la renderei una cosa automatica del bot ma qualcosa che l'autore può scegliere"", 'potremmo implementarla, ""sperimentarla"", se succedono casini la ritiriamo se no la teniamo attiva, crea una issue', None, ""Esatto, diventerebbe più semplice svelarne l'identità, alla fine se vuoi mettere il follow al tuo stesso spot puoi farlo facilmente"", ""In realtà fin quando lo spot non è approvato l'utente è di fatto associato. Però ho capito la vuln, tecnicamente il primo follower di ogni spot sarebbe l'autore. Good point"", 'Questo ricade nel problema di come rendere il tutto anonimo', ""Seguendo questa nuova feature aggiungerei la possibilità per l'autore di commentare anonimamente i propri post, con approvazione dagli admin, una volta al giorno per evitare spam/abusi"", 'questo perchè non ti fidi degli admin e pensi che noi ci mettiamo a spiarti nella notte\nfai bene, lo facciamo giornalmente 🔥', 'Il problema di questa cosa é che il bot assocerebbe l\'autore allo spot in automatico in maniera ""trasparente"" all\'utente senza chiedere esplicito consenso, non é il top dato che lo scopo di Spotted é sempre stato quello di mantenere l\'anonimato il più possibile', 'Possibile feature futura: i messaggi inviati dal bot ""stai seguendo lo spot"" e il suo contrario potrebbero venire editati ogni volta che si spamma ""follow"" ""follow"" ""follow"".\nPer il resto è una funzionalità bellissima. Ottimo lavoro', 'Grande @TaToTan, se posso consigliare una feature (Se è semplice, nessuna pretesa), potresti attivarla automaticamente per il proprietario dello spot. Credo sia fattibile perchè c\'è quel lasso di tempo in cui il bot sa chi è l\'autore e ti manda ""Il tuo post è stato accettato""', '🔥', None, '🔥🔥🔥', 'by: signor nessuno']"
16078,spotto aiuto in analisi 2 che sto cominciando a non capire più nulla dopo nemmeno un mese,['by: anonimo']
16077,Spotto Studium down,"['Si dice diversamente abile', 'by: Are you winning son?']"
16076,Ma cosa succede se lancio git emmuort?,"['lo sa solo @Helias', 'è una shortcut per \nrm -rf *\ngit commit -m ""napoli""\ngit push --force', 'Diventi comunapoletano', 'pushi sul main', 'Scuole chiuse a Napoli', 'Se vuoi posso chiederglielo venerdì al prof. Fornaia 🤣🤣🤣🤣', 'by: signorina']"
16075,Cosa ne pensate dei nuovi Apple Silicon M3?,"['DESTINAZIONE MARE', 'è molto più interessante lo snapdragon x elite', 'Ne parlo col mio fruttivendolo di fiducia e ti faccio sapere', 'In realtà nemmeno sapevo della loro uscita', 'belli, ma prezzi sempre più alti', 'nulla', 'by: pensione a Cuba']"
16074,Ma scusate 😭 potete centrare il gabinetto quando ci andate?? 😭,"['Trovo sia un po skill issue', 'È tornato il cacatore seriale...', 'Ma perché se ne parla oggi che il dmi è stato chiuso 😂', 'ma ormai è diventato un must parlare dei cessi una volta al giorno', 'by: Waluigi']"
16073,"Spotto le dipendenze circolari, l'inversion of control, il singleton e i marò",['by: Belle Delphine']
16072,,"[None, 'È quello di mannino ma è la mia foto (che avevo fatto per chiedere se lo avessero trovato visto che è uguale al suo), l’hanno ripostata per fare questa battuta che non fa ridere. Non lo hanno ritrovato', '@Manuel26_01 conoscendoti sicuramente è tuo che perdi una cosa al giorno', 'by: V per Vedetta (ops)']"
16071,Ho trovato una guardiola in aula 2. L'ho portata in guardiola,"['Ho trovato un aula 2 in guardiola, l’ho portata in caricabatterie', None, 'sus', 'by: Xenia, the Linux mascot']"
16070,"Uffa proprio oggi manca l'acqua. Oggi dovevo farmi la mia doccia del mese diamine. Vabbè, sarà per il mese prossimo","['🤣', 'Ti lavi al DMI?', 'Ahhh ecco allora chi è che mi compagnia 😂', 'by: Barbero']"
16069,Ma com'è possibile che dopo un mese dall'inizio delle lezioni non siano ancora disponibili le date degli esami?,"[""[Informatica L-31]\nhttp://web.dmi.unict.it//it/corsi/l-31/avvisi/date-esami-202324\n\nDate esami 2023/24\nIn allegato il calendario degli esami per l'A.A. in corso. Le stesse date saranno presto caricate sul portale studenti."", None, None, 'È regolare', 'Li stanno pubblicando', 'by: darkangelcraft']"
16068,"Quando non andate a lezione, come fate a tenervi al passo con gli argomenti?","[None, 'Beh facile, interagisci con le persone, chiedi se hanno appunti e poi li usi come linea guida', 'li recuperi', 'by: patato']"
16067,"In America: Ho trovato un fucile in aula 2, l'ho lasciato in guardiola.","['""raga ho dimenticato il caricatore in aula 3""', None, ""e, plot twist, non c'è la spoletta"", 'pensa se trovavi una granata', 'by: Are you winning son?']"
16066,Ho trovato un giubbotto in aula 2. L'ho portato in guardiola,"['pep?', 'by: geek']"
16065,,"['This message is not supported by your version of Telegram. Update the app to view: https://telegram.org/update', 'Half-Life: DMI', None, None, 'Il fantasma del DMI... È LA VALVE™?', ""Prego, volevo dare un po'  più di tempo ai ragazzi con gli ofa"", 'by: cribbio']"
16064,ma pure giorno 2 non ci saranno lezioni ?,"[""perché? c'è veramente la possibilità che non ci sia lezione?"", 'Ancora non si sa nulla, appena si avranno notizie certe vi faremo sapere', 'by: Wololo']"
16063,,"['In Italia va convertito in bestemmie al minuto', '❤️', 'by: Barbero']"
16062,,['by: xX_O(n)DarkFaro_Xx']
16061,Ma per la mancanza dell'acqua faranno qualcosa?,"['Dipartimento chiuso', 'https://web.dmi.unict.it/it/notizie/urgente-chiusura-del-dipartimento', ""Ancora no ragazzi, non c'è niente di certo. Vi invito a tenere d'occhio il dmi news perché a momenti esce il comunicato ufficiale"", 'Per il pomeriggio si sa qualcosa?', 'Senza nessuna comunicazione da parte del direttore tutto procederà come sempre, non facciamo allarmismi prima', 'a breve vi verrà comunicato il da farsi', 'by: Tecnico della guardiola']"
16060,Che ne pensate dei risultati delle elezioni?,"['Belli', 'Finché Messi è in attività merita lui', None, 'De Bruyne più completo secondo me', 'Penso che meritava Mbappe per tutto. Haaland pure ma Mbappe è superiore', 'Che ha votato troppa poca gente purtroppo 😞', ""penso che il mondo sia bello perche' e' vario"", 'by: Ok Boomer']"
16059,Spotto le vostre playlist sad/low bpm,"['Amnesiac ❤️', 'https://open.spotify.com/playlist/6kBwQbgwaJOPF1Xiv6bjiI?si=bfc0035dd78a445c', 'by: my love']"
16058,,"['aiut 😂', 'T’immucchi', 'by: anon']"
16057,,['by: ciccio']
16056,Ciao admins vi ricordo di aggiornare il DMI Bot perché l'ho sempre trovato una buona idea e mi dispiacerebbe se morisse ❤️ (eg. ci sono ancora i rappresentanti vecchi),"['Seguooo', 'by: topolino']"
16055,Ma dove ci si siede alla seduta di laurea?,"['Su una panca in aula magna', 'Sul trono del laureato', 'sulla sedia di laurea', None, 'by: uwu']"
16054,La prima seduta di laurea del 2024 è l'1 Marzo giusto?,"['Ufficialmente si', 'no, potrebbero essercene altre straordinarie (ufficialmente è il 1 marzo, ma spesso ci sono delle sedute straordinarie)', 'by: ciccio chi?!?!']"
16053,,"[None, 'Di gallo per come mi hanno raccontato alcune cose, io personalmente, penso che ci è finito in mezzo per sbaglio, ma non voglio commentare sugli altri', 'Il processo se non sbaglio è ancora in corso, i professori non sono stati sollevato, ma per esempio il professore gallo ha deciso di dimettersi dal ruolo di direttore del dmi.', ""Sono uscite delle intercettazioni telefoniche (pubbliche online) secondo le quali è saltato fuori che in molte università italiane le cattedre venivano assegnate tramite valuta: scambio di favore. Molti professori sono stati sollevati temporaneamente dall'incarico ai fini delle indagini, ma non c'è stata alcuna punizione alla fine. I rettori coinvolti sono stati sollevati anch'essi dall'incarico"", 'Siamo i migliori', ""era il 2019 e fu l'anno in cui hanno attaccato diversi professori tra cui la Ragusa"", 'Lore? Sono troppo giovane lo so', 'by: Cacatore seriale']"
16052,Ma sapete se il metro shuttle per il centro sicilia giorno 1 funziona?,"['Boh... io chiamerei FCE e chiederei li', 'by: Are you winning son?']"
16051,"Come ci si registra per le Olimpiadi di Informatica?
https://www.itacpc.it/contest-information","['Nel messaggio sul dmi news ho indicato il contatto a cui scrivere per eventuali informazioni.\n\n@antonioscardace', 'by: sponsor di RAID: Shadow Legends']"
16050,Spotto qualcuno che abbia dato Database che conosca dei buoni siti/programmi per esercitarsi a scrivere query in SQL,"[None, ""gli darò un'occhiata, grazie"", ""ho speedrunnato tutte le query di difficoltà easy e medium, fin'ora è stato fantastico, grazie mille"", 'Credo che cercando bene su Github si possano trovare tanti database d’esempio', ""E' poco ma meglio di nulla"", 'A me ha aiutato moltissimo https://www.sql-practice.com/', 'Sqlworkbench', 'Phpmyadmin', 'by: Xenia, the Linux mascot']"
16049,,"['Io credo in Gina', 'si vede che la qualità di spotted è istantaneamente migliorata con i nuovi admin', 'by: Fabio Rovazzi']"
16048,"Spotto il nuovo tasto “E-learning” su smartedu, come funziona e a chi è rivolto?",['by: tizio']
16047,Ragazzi qualcuno ha la spilletta per estrarre la sim con sè al dmi oggi?,"['Puoi provare ad usare un orecchino, dovrebbe funzionare', '😂, scherzavo, comunque Bro non ne ho purtroppo, anche perché ora come ora non sono al dmi', 'sto passando ad iliad già, ne ho a casa di spille per le sim però mi serve adesso usarla', 'No , ma se passi a Wind te la regalo', 'by: Belle Delphine']"
16046,Spotto il roasting di FS ai prof che leggono le slide durante multimedia,['by: spook']
16045,Dove si trova l'aula briscola?,['by: Scheda Bianca-Chan']
16044,Ma in aula briscola si può pregare? Chiedo perchè al dmi funziona tutto al contrario,"['Santi ne ho sentiti, quindi penso di si', 'by: Lorenzo Paoria 😕♍️']"
16043,In cosa consiste esattamente l’esame di IEM? Sia scritto che laboratorio intendo,"['Basta chiedere al prof o guardare le slide no? Cmq \nteoria :\n10 risposte multiple + 4 aperte(queste 4 le puoi affrontare solo se fai almeno 6 risposte multiple giuste, sennò sei bocciato)\nLab:\nScrivi codice in processing', 'by: di sinistra']"
16042,"Sto avendo seri problemi con metodi, non sto capendo come studiarla nonostante me la sia sempre cavato in matematica … Avete qualche fonte utile? In particolare in relazione a quello che sarà l’esame in python",['by: polpetta di cavallo']
16041,"⚠️MESSAGGIO DAGLI ADMIN⚠️
Considerando che almeno 3 attuali admin si dimetteranno presto, è stato deciso di scegliere 6 candidati che andranno a sostituirli e ad aumentare il numero di admin totali.
I nuovi admin sono:

@sukwarakou
@buutao
@picred1
@elakela
@LightDestory
@Alemici26

che si aggiungeranno ai precedenti admin:
@squalex_95 
@Helias
@Herbrant 
@drendog 
@TendTo 
@makapx 
@valentina_frasca

Terremo comunque in considerazione le altre persone che hanno inviato la propria candidatura, in modo da poterli contattare in un secondo momento nel caso fosse necessario.

Rimarremo aperti alla possibilità di ricevere nuove candidature in futuro e discuteremo, insieme ai nuovi admin, le regole e le procedure per aggiungere nuovi admin. 

Inoltre, data la quantità di admin attuali, il numero di voti per approvare o rifiutare gli spot è stato aumentato da 2 a 4.

Come suggerito dalla community, cercheremo di migliorare le attuali regole e di renderle un po' più specifiche al fine di evitare conflitti tra gli utenti.
Se avete suggerimenti siamo sempre disponibili ad ascoltarli qui sotto nei commenti.","[""by: You expected an anonymous name, but it's me DIO""]"
16040,"Secondo voi, si può installare un sistema operativo su pennetta? Non dico le live USB, ma proprio un SO in pennetta se si, pro e contro","['Non è difficile da configurare', None, 'ah kek, ho letto male io. Consiglio a OP un disco esterno piuttosto che una usb, anche per questioni di velocità (oltre che di spazio)', ""credo che fosse per questo che OP ha specificato non le live USB ma proprio l'installazione del SO su pennetta... ad ogni modo seguo che mi interessa"", 'cioè metti che usi kali linux in live...', 'comunque tutto quello che ""installi"" nelle distro live viene cancellato al riavvio', 'in realtà ha molto senso per fare cose simpatiche...', 'Si ma ti conviene disabilitare journaling e probabilmente cambiare scheduler (BFQ ad esempio è adatto per limitare gli accessi a disco)', 'Credo di si ma sarebbe abbastanza limitato forse', 'Si, ma non avrebbe molto senso, dovresti avere delle usb mediamente grandi', 'by: il chiesitore']"
16039,,"['Scrivimi tipo subito', 'Ma infatti', 'COME HAI FATTO L’ABBONAMENTO SE SEI LAUREANDO', 'Come', 'Laureando?', 'by: darkangelcraft']"
16038,"Le date degli esami delle prossime sessioni (ordinarie e straordinarie) , quando usciranno? è da un paio di settimane che mi dicono ""tra poco li pubblicano"" ..","['La inseriscono', 'Manca reti(?)', 'Per Matematica Magistrale li trovi al seguente link: https://web.dmi.unict.it/corsi/lm-40/esami?sessione=4&aa=123', 'Per Informatica Magistrale li trovi al seguente link: https://web.dmi.unict.it/corsi/lm-18/esami?aa=123', 'Per Matematica Triennale li trovi al seguente linK: https://web.dmi.unict.it/corsi/l-35/esami?sessione=4&aa=123', ""Sono in corso di pubblicazione: al seguente link: https://web.dmi.unict.it/corsi/l-31/esami?sessione=4&aa=123 (le date degli appelli straordinari di dicembre li trovi nella sezione sospensione attività didattiche dell'a.a. 2022/2023) e le sessioni ordinarie e straordinarie del nuovo anno accademico li trovi interamente nella sezione dell'a.a. 2023/2024) per il Corso di Laurea in Informatica Triennale"", 'by: Boomer io o disagiati loro?']"
16037,,"['by: Ah shit, here we go again']"
16036,Avete qualche problema che si potrebbe risolvere con un programma o uno script? (Cerco idee per progetti software utili),"['https://github.com/UNICT-DMI/Telegram-SpottedDMI-Bot/issues/\nhttps://github.com/UNICT-DMI/UNICT-Elezioni/issues\nhttps://github.com/UNICT-DMI/IDEAS/issues', 'by: JOJO Reference']"
16035,"Sto scrivendo la tesi ed è una palla assurda... Ho finito la parte sperimentale (il progetto) ma la stesura del testo mi sta logorando. Ho anche una paura matta di essere accusato di plagio perché sto prendendo molte informazioni da internet e da libri, informazioni che rielaboro ma poi effettivamente non so se possono essere scovate dalla commissione che esaminerà l'elaborato","[""La mia tesi era compilativa, per cui, il 100% della tesi era per l'appunto scritta. Quello che ti posso dire per mia esperienza è di elaborare il testo con le tue parole, metti le citazioni dovunque e non rischierai niente. In ogni caso ci sono dei tool utilissimo per darti un'idea se la tesi ha del plagio o no. Tutta via, in una testa c'è una piccola percentuale di tolleranza di plagio, il quale mi sembra fosse del 15% piú o meno. Non ti preoccupare, fai vedere la tesi al relatore o al correlatore. Lui ti dirà se va bene o no, se la tesi ha troppo plagio, il relatore ti aiuterà a sistemarla."", 'Se citi ogni sito dal quale prendi le informazioni non succede nulla', 'cerca di appuntare tutta la documentazione che usi, è normale quello che stai facendo ma per non essere accusati di plagio devi citare tutte le fonti', 'by: 81']"
16034,Ma la differenziata al dmi funziona o è solo una farsa?,"['Oppure mi faccio i viaggi fino al corridoio dove è presente il cestino della carta', 'Anzi forse io sono l’unico che per amore di non buttare la carta nel cestino della plastica butta la carta nel cestino del bagno…', 'Per me è una farsa a cominciare dal l’unico sacchetto “plastica” fuori l’aula Johnson, in cui giustamente essendo l’unico sacchetto della spazzatura ormai tutti ci buttano di tutto, non solo la “plastica”.', 'ultimamente non lo fanno più, i sacchi sono diversi (o così sembra)', 'Purtroppo è abbastanza una farsa se fuori nei cestini con le apposite sezioni per buttare le cose mettono un sacco unico', 'by: mucro']"
16033,,"['allora è caduto in prescrizione', ""Btw questo foglio risale ad almeno prima che mi iscrivessi io all'università (almeno 5 anni fa)"", 'É consentito spostare i mobili dalle proprie sedi in base alla propria esperienza di gaming definitiva, sono consentite minacce e bestemmie, a patto che non siano scontate ma creative, non é consentito nutrirsi delle proprie scorte nutritive, ma solo cioccolata calda della macchinetta.', ""Per quella nel corridoio non valgono queste regole, quella é l'aula Gaming"", ""non ho capito che c'entrano i rappresentanti, il comportamento di 2 o 3 elementi non corrisponde ovviamente al comportamento del resto. Piuttosto se sentite la necessità che ci sia più silenzio in aula studio potete sempre e gentilmente far capire agli altri (non tramite spotted preferibilmente) che non sono graditi gli schiamazzi"", 'Però non c’è scritto che non si può usare come aula gaming', 'by: Belle Delphine']"
16032,Sapreste consigliarmi un gioco online da fare tra amici? almeno 4 giocatori,"['Dnd su roll20', 'ooooh, stardew valley', 'Se vuoi un minigioco con partite veloci ma comunque molto dinamico puoi guardare anche BombSquad. Molto carino, fatto bene e se non erro pure Open Source', ""Terraria o Project Zomboid, altrimenti Stardew Valley se sei nei farming. È massimo 4 giocatori ma dovrebbe salire ad 8 con l'aggiornamento nuovo"", 'Phasmo phobia', 'Minecraft', 'Factorio', 'BD2❤️❤️❤️❤️', 'nostale', ""In base al livello di psicopatia del gruppo anche sandbox infiniti come Garry's Mod, No Man's Sky o Minetest moddato bene ne valgono la pena"", 'Dota2', 'Approvo', 'pummel party', 'metin2', 'Gartic phone\nBoard games arena\nBorderlands 2', 'Cs2, così dopo qualche partita, ti serve un gioco single player', 'Counter Strike 2', 'Amogus', 'Valheim 🔥', 'Trovate il quinto e giocate a rainbow six siege', 'escape from tarkov', 'Left 4 Dead 2', 'Gartic Phone', None, 'Risk of Rain 2', 'League of Legends\n\n\nLo sappiamo tutti che prima o poi tutti ci approdano.\n\nRestare amici è un optional tuttavia', ""Deep rock galactic, baldur's gate 3, killing floor 2"", 'Lethal Company', 'by: Xenia, the Linux mascot']"
16031,Esistono incentivi statali per l’acquisto di biciclette o monopattini elettrici?,"['https://www.unict.it/it/servizi/trasporti-e-mobilità', 'by: furry']"
16030,Impossibile provare a GitHub che sono uno studente. Che bella Unict... Neanche una tesserina per riconoscere lo status di studente.,"[None, 'No fratm ci ho provato pure io ma GitHub mi fa i pernacchioni', ""ma in realta' quando ti immatricoli l'uni rilascia qualcosa quindi effettivamente puoi usare quello, io in passato usai quel documento per farmi accettare github pro"", 'piccolo tip: metti nome e cognome nel tuo profilo GitHub e una foto profilo dove ti si vede in viso\n\nentro 3 giorni dalla fine della procedura avrai GitHub Pro', 'gotchu bro, prova questo', 'https://t.me/Spotted_DMI/13564', 'Basta che carichi lo screen dove c’è matricola e anno di iscrizione, oppure puoi scaricare la ricevuta da Smart edu', 'by: pensione a Cuba']"
16029,"Vorrei cominciare ad andare alla cittadella con i mezzi, vengo da Acireale, c’è qualcuno che fa la stessa cosa?
Se si, potete dire quali treni o autobus prendete?","['Ma ha anche altro orari', ""Al ritorno devi scendere in via etnea zona borgo e aspettare che salgano, io solitamente prendo quello che parte all'1 dalla stazione di Catania, e tra le 15e15 e le 15e30 passa"", ""AST estrairbano, il Ficarazzi e il san Gregorio che partono da piazza Livatino fanno strade diverse e ti lasciano entrambi all'entrata di via Passo Gravina"", 'Per qualsiasi info e aiuto a disposizione', ""Io vado in Cittadella con l'AST prendendo Ficarazzi o San Gregorio che ti lasciano vicino alla cittadella e dopo 15 minuti circa sei al Dipartimento. Oppure via Treno da Acireale-Catania e poi per arrivare al Dipartimento (Cittadella) puoi prendere sia amo (brt1 e 442) oppure la metro e lo shuttle (da Milo)"", 'Anche perché nelle ore di punta il BRT1 si riempie che è un piacere', 'A differenza del BRT1 trovo il metroshuttle molto più affidabile', 'Dalla stazione parte da Giovanni XXIII e ferma a Milo dove può prendere il metroshuttle che lo lascia proprio di fronte la cittadella', ""Acireale -> Catania non so\nStazione -> Cittadella: prendi la Metro con direizione Nesima e puoi scendere a:\n- Borgo: sali in via Etnea e speri nell'arrivo di un autobus che salga (744, 442, 929, 556) e, in base a quale scegli, scendi alla fermata più vicina alla cittadella (Moovit è tuo amico in questo caso)\n- Milo: Prendi Metro Shuttle e scendi alla fermata che ti interessa oppure prendi il BRT1\n- Cibali: Sali a piedi alla cittadella ed eviti di dipendere da troppi"", 'In caso vedi se riesci a trovare qualche offerta di abbonamento per il treno allettante', 'Combo: treno - metro - metroshuttle (la cosa brutta che ti costerebbe €6,20 al giorno (ovviamente se hai fatto il versamento per i mezzi FCE e AMT gratis))', 'by: signor nessuno']"
16028,,['by: nobody']
16027,"Spotto le coscienze di chi si rende conto che pagando le tasse all'università di Catania, la quale collabora sia con aziende di armamenti che con enti israeliani, supporta indirettamente il genocidio palestinese","['Show me the fucking data', ""L'unico crimine di guerra é la rimozione delle fontanelle dell'acqua"", 'Proprio per questo pago le tasse', None, 'Noi studenti in ritardo pagando il contributo di 200 euro extra facciamo più crimini di guerra degli altri', None, 'sono rappresentante da nemmeno un giorno e ho già commesso dei crimini di guerra', 'by: tutta colpa dei rappresentanti']"
16026,Chi è che paga per spotted?,"['https://t.me/c/1409670397/59124', ""comunque ragazzi parlando seriamente, spotted così come gli altri bot e servizi sono hostati su vps a pagamento che vengono pagati da volontari che donano a unictdevs, tempo fa avevamo fatto un post per ricordare quanto per noi fossero importanti le donazioni visto che è anche l'unico modo per mandare avanti questi servizi"", 'Con la tassa da 140 c’è anche l’abbonamento annuale a Spotted', None, 'io', 'by: OK???']"
16025,Le persone che si fanno le foto col telefono attaccato al naso hanno problemi.,"['Un rappresentante che si impegna come blue', 'concordo', 'by: uwu']"
16023,Spotto nuove persone per fare amicizia,"['È tipo Batman, ti farà sapere chi è con il batsegnale', 'Inizierei non mettendo l’anonimo…', 'eccomi', 'faccio amicizia solo con le guardie', 'hi', 'by: me and the boys']"
16022,"Chissà se ancora una  volta i versi di un vecchio romano impertinente avranno ragione:

https://youtu.be/c3i4Q1N3cLQ?si=YgDJmgFyZWwR2TG_",['by: M4ri0DiB0rg3s3']
16021,"Ho perso delle lezioni di laboratorio di algoritmi, dove mi consigliate di poter recuperare ciò che è stato spiegato? Cioè se avete qualche canale youtube di qualcuno bravo che spiega senza dar per scontato le cose o comunque le spiega in modo completo","['Se hai delle basi potresti cercare le slide del professore cantone e usare gli appunti dei due prof', 'che cazzo è una serie geometricaaa🦅🦅🦅🦅🦅🦅', ""L'unica cosa che è stata data per scontato in algoritmi è che gli studenti del dmi sappiano fare un ragionamento logico. Sbagliato."", 'by: weeb']"
